session-b/aggregate-dispositions.tsv	100644	15524	4cc2244ecf240b3bf7735d98e88594dcbaca7cad4ad82b403826295eb0574cea
session-b/assertions.tsv	100644	7264	4d22c8b0313f4b5fb1577045e68b34d01663f59c3fdff9c596bc080e878daf58
session-b/canonical-comparison.tsv	100644	86509	96530a44d4c9828d8632f1ee9ec22c33b8d861b1cf191dcd88a6d0a522e2d4d6
session-b/control-receipts.tsv	100644	3015	6e04b9fa1031904d4f7c3ee3f4c517821f45c10b0297a8bc83c4d1ec9f7b9c14
session-b/lifecycle-command-receipt.tsv	100644	47	2b9059e03802cd3d67b663c04ebbc1adc1c7a0dbbcad1a2071c510fe62061e6b
session-b/outer-receipt.tsv	100644	212	6df6d4d3563882f6495f3b95c27b3f65049d3ef60da846dad8fe3da445ec070f
session-b/payload-manifest.tsv	100644	399182	10de84ce7ad3b9671b356e2a5f981390752bc03f22e6863b58bed0fe07729571
session-b/report.tsv	100644	1115	b0b4f58cf95d61113d94250c6764b081dfaca3253ec178a01c6b6900eac452b7
session-b/run-a/assertions.tsv	100644	7264	4d22c8b0313f4b5fb1577045e68b34d01663f59c3fdff9c596bc080e878daf58
session-b/run-a/bc01-control-receipts.tsv	100644	1778	77d30c72bac9089bceb563f83b4bf37ba0240cd1b949e4bbfd71d39b21914598
session-b/run-a/bc02-negative-receipts.tsv	100644	1238	fb80445a49f5f73d96f77df3186ec17586619733c67a83d5e7c3dc3769523514
session-b/run-a/bc03-control-receipts.tsv	100644	1965	fb021e1e563cf1e434664e4ba555de0d6672c700727a570776f89599b2c3b3d7
session-b/run-a/bc04-control-receipts.tsv	100644	1716	865203653193aa4ef934c86fe8b1ffff54768a99447c85356ae77b841174e1c9
session-b/run-a/bc05-control-receipts.tsv	100644	2601	404ba088e6ec3e861bbe2e8718caa8f987071da613c16292b75ea20df990fc76
session-b/run-a/bc06-control-receipts.tsv	100644	1612	4aab8c5867c94e0419c82f45421c3862fe954032d672503bc524f1e20dbf2455
session-b/run-a/bc07-control-receipts.tsv	100644	1916	d77671062d12cddf3904e2ed96e6de4f2f91c7bae6241f6666546fcd4eb5858b
session-b/run-a/bc08-control-receipts.tsv	100644	3403	50e2250e1d8176fd7549634d57ebaaa43870ea3ecf02507d635b5508bdbbfb08
session-b/run-a/bc09-control-receipts.tsv	100644	4096	db64d7bf5d252f70717f2cc134f534ead386ca2be881741365ca9e363d5a6d37
session-b/run-a/bc10-control-receipts.tsv	100644	2505	038c759434181650b99bbe15b9304913b404fbbefbac354120b5dff33434c51a
session-b/run-a/bc11-control-receipts.tsv	100644	2471	c15e79ed87c139e612a35ce6e103f10072178a4c33d8cdbbaf8d824d7ee383ff
session-b/run-a/bc12-control-receipts.tsv	100644	3053	50cbfeae15e451334c9154a090f377974526eff4333b24a5496530924f897473
session-b/run-a/namespace-inventory.tsv	100644	44	ceace43346987a54324bb60a6d77ac4a8099525d95bb173099d96e5e7ac90e10
session-b/run-a/outer-receipt.tsv	100644	212	bea4434811782f37c87859e0e017660aafc1a539e52277bb5d7231d0ab13d8fe
session-b/run-a/payload-manifest.tsv	100644	191210	c74d2b819da50e4adf7586c11a2f9910a2b7295d888396494ea88033632e2b17
session-b/run-a/report.tsv	100644	7767	0723d268a8c74f2f035a49c508d5cf1739df55c7f08386b09b36035d1483b199
session-b/run-a/run-metadata.tsv	100644	7121	defe2425f1500425608c5c48bdbc07d0ce695c6d7add1dc738d61041651b7305
session-b/run-a/runtime-status.tsv	100644	6231	1432a2d9a5cdb058c1a1cee8722e445849d84d0493c1d2c59b86e75db187255c
session-b/run-b/assertions.tsv	100644	7264	4d22c8b0313f4b5fb1577045e68b34d01663f59c3fdff9c596bc080e878daf58
session-b/run-b/bc01-control-receipts.tsv	100644	1778	f42edcd57c873e19fbc9b836901d6ea70210bca1d9d9659d0689e53da7e0077b
session-b/run-b/bc02-negative-receipts.tsv	100644	1238	fb80445a49f5f73d96f77df3186ec17586619733c67a83d5e7c3dc3769523514
session-b/run-b/bc03-control-receipts.tsv	100644	1965	ad3c9bbcfd9546daa0c0b51af91ffe8137894febb434c24028f896730a14186b
session-b/run-b/bc04-control-receipts.tsv	100644	1716	03926d8b797ea882a338817df2f241043b48f2ee1565e4e69d12342da76d1a34
session-b/run-b/bc05-control-receipts.tsv	100644	2601	0f7594dcb30d8444de2a2c434ba0970a5e3de14b4fdcb22b883cf444e16ba268
session-b/run-b/bc06-control-receipts.tsv	100644	1612	788bc363074ebd1591458c44f819fd006d85fc943bdd29be4ca6394bb9da85a4
session-b/run-b/bc07-control-receipts.tsv	100644	1916	d77671062d12cddf3904e2ed96e6de4f2f91c7bae6241f6666546fcd4eb5858b
session-b/run-b/bc08-control-receipts.tsv	100644	3403	0223fb2c320da1f105eb22d78b889decb414751ce4cf9e265412280c56b74f48
session-b/run-b/bc09-control-receipts.tsv	100644	4096	b6191726972d894a2784afeb225490d64f7a2c2d0112617b08a267cd502d7147
session-b/run-b/bc10-control-receipts.tsv	100644	2505	d18dd9b64a57116a3a6aac61322f7662b287ca162c3da519f68c9d4f439ca5e5
session-b/run-b/bc11-control-receipts.tsv	100644	2471	b817f860df2f853049cd2e3dd209cbfc2195d3414e11f546b59c36dffff910a6
session-b/run-b/bc12-control-receipts.tsv	100644	3053	3d872cd3648646d6cfd9368241cfdfa2a1457b8031ea4039cc409454f4ac0649
session-b/run-b/namespace-inventory.tsv	100644	43	c58b644aac1383ca62eef05285de86ad43072e2ce2665b96598ddeee44bbfcbc
session-b/run-b/outer-receipt.tsv	100644	212	f002b8804a28fac2d246700a3d08c6f9b652f3a275723dad39ea7c006bc8d967
session-b/run-b/payload-manifest.tsv	100644	191210	2712b1a0676b7e4cfbc457e98a622dd2501afdae525003f274d19edc080f2090
session-b/run-b/report.tsv	100644	7767	e16d976c1463e2de3c8a8012ee55047ffd34601d859a28e7fd0d6fe6114ee966
session-b/run-b/run-metadata.tsv	100644	7121	91564b1d47629256171e5a35768815b3d5ff5fb7345d8ce4e86d5be9f249f9a2
session-b/run-b/runtime-status.tsv	100644	6231	1432a2d9a5cdb058c1a1cee8722e445849d84d0493c1d2c59b86e75db187255c
session-b/run-metadata.tsv	100644	469	f893bc95202a0b858db80ffc56d6bfd0f3194497b7e427072c4cd9fff7395547
